{
    "type_of_augmentation": [
        "HighPassFilter",
        "HighPassFilter",
        "HighPassFilter",
        "HighPassFilter",
        "HighPassFilter",
        "LowPassFilter",
        "LowPassFilter",
        "LowPassFilter",
        "LowPassFilter",
        "LowPassFilter",
        "AddGaussianNoise",
        "AddGaussianNoise",
        "AddGaussianNoise",
        "AddGaussianNoise",
        "AddGaussianNoise",
        "Gain",
        "Gain",
        "Gain",
        "Gain",
        "Gain",
        "HighPassFilter, LowPassFilter",
        "HighPassFilter, LowPassFilter",
        "HighPassFilter, LowPassFilter",
        "HighPassFilter, LowPassFilter",
        "HighPassFilter, LowPassFilter",
        "all",
        "all",
        "all",
        "all",
        "all",
        "HighPassFilter 2",
        "HighPassFilter 2",
        "HighPassFilter 2",
        "HighPassFilter 2",
        "HighPassFilter 2"
    ],
    "fold_num": [
        0,
        1,
        2,
        3,
        4,
        0,
        1,
        2,
        3,
        4,
        0,
        1,
        2,
        3,
        4,
        0,
        1,
        2,
        3,
        4,
        0,
        1,
        2,
        3,
        4,
        0,
        1,
        2,
        3,
        4,
        0,
        1,
        2,
        3,
        4
    ],
    "test_loss": [
        0.15054312348365784,
        0.10773482173681259,
        0.15925808250904083,
        0.09429279714822769,
        0.14657065272331238,
        0.11116595566272736,
        0.18364295363426208,
        0.14722663164138794,
        0.11822067201137543,
        0.20133967697620392,
        0.3067525029182434,
        0.1550304889678955,
        0.28880470991134644,
        0.16045156121253967,
        0.1280096471309662,
        0.12559454143047333,
        0.2541341483592987,
        0.13862335681915283,
        0.1586388796567917,
        0.1274252086877823,
        0.1999746412038803,
        0.1456144154071808,
        0.2082844078540802,
        0.18110868334770203,
        0.2891756296157837,
        0.16539551317691803,
        0.2263873964548111,
        0.14671829342842102,
        0.17304158210754395,
        0.16882941126823425,
        0.132082998752594,
        0.10899312794208527,
        0.19496159255504608,
        0.17796744406223297,
        0.16789424419403076
    ],
    "test_accuracy": [
        0.9775280952453613,
        0.9830508232116699,
        0.9717513918876648,
        0.9887005686759949,
        0.9830508232116699,
        0.9887640476226807,
        0.9604519605636597,
        0.9830508232116699,
        0.9830508232116699,
        0.9435028433799744,
        0.9438202381134033,
        0.9604519605636597,
        0.9661017060279846,
        0.9717513918876648,
        0.9830508232116699,
        0.983146071434021,
        0.9604519605636597,
        0.9661017060279846,
        0.9774011373519897,
        0.9774011373519897,
        0.9606741666793823,
        0.9774011373519897,
        0.9717513918876648,
        0.9717513918876648,
        0.9661017060279846,
        0.9775280952453613,
        0.9661017060279846,
        0.9774011373519897,
        0.9661017060279846,
        0.9661017060279846,
        0.983146071434021,
        0.9887005686759949,
        0.9661017060279846,
        0.9717513918876648,
        0.9717513918876648
    ],
    "aug_parameters": [
        "min_cutoff_freq=400, max_cutoff_freq=800",
        "min_cutoff_freq=400, max_cutoff_freq=800",
        "min_cutoff_freq=400, max_cutoff_freq=800",
        "min_cutoff_freq=400, max_cutoff_freq=800",
        "min_cutoff_freq=400, max_cutoff_freq=800",
        "min_cutoff_freq=6000, max_cutoff_freq=8000",
        "min_cutoff_freq=6000, max_cutoff_freq=8000",
        "min_cutoff_freq=6000, max_cutoff_freq=8000",
        "min_cutoff_freq=6000, max_cutoff_freq=8000",
        "min_cutoff_freq=6000, max_cutoff_freq=8000",
        "min_amplitude=0.001, max_amplitude=0.005",
        "min_amplitude=0.001, max_amplitude=0.005",
        "min_amplitude=0.001, max_amplitude=0.005",
        "min_amplitude=0.001, max_amplitude=0.005",
        "min_amplitude=0.001, max_amplitude=0.005",
        "min_gain_in_db=-12, max_gain_in_db=12",
        "min_gain_in_db=-12, max_gain_in_db=12",
        "min_gain_in_db=-12, max_gain_in_db=12",
        "min_gain_in_db=-12, max_gain_in_db=12",
        "min_gain_in_db=-12, max_gain_in_db=12",
        "min_cutoff_freq=400 / 6000, max_cutoff_freq=800 / 8000",
        "min_cutoff_freq=400 / 6000, max_cutoff_freq=800 / 8000",
        "min_cutoff_freq=400 / 6000, max_cutoff_freq=800 / 8000",
        "min_cutoff_freq=400 / 6000, max_cutoff_freq=800 / 8000",
        "min_cutoff_freq=400 / 6000, max_cutoff_freq=800 / 8000",
        "all",
        "all",
        "all",
        "all",
        "all",
        "min_cutoff_freq=400, max_cutoff_freq=800",
        "min_cutoff_freq=400, max_cutoff_freq=800",
        "min_cutoff_freq=400, max_cutoff_freq=800",
        "min_cutoff_freq=400, max_cutoff_freq=800",
        "min_cutoff_freq=400, max_cutoff_freq=800"
    ]
}